{"population":[{"genes":{"pointsGene":2000,"heightPenaltyGene":5.707205043700072,"oneRowFilledGene":2.0062357068507404,"twoRowsFilledGene":30.405627894034026,"threeRowsFilledGene":52.50269283653456,"fourRowsFilledGene":70.10961398902526,"consecutiveRowGene":2.7613549167934863,"blankPocketGene":0.6686797922716099,"borderGene":1.2630375818949244},"fitness":93},{"genes":{"pointsGene":2000,"heightPenaltyGene":4.026138787580156,"oneRowFilledGene":10.614207151218501,"twoRowsFilledGene":28.365839429073816,"threeRowsFilledGene":53.584326050195386,"fourRowsFilledGene":70.0209155500004,"consecutiveRowGene":2.3364435946567808,"blankPocketGene":9.737872446110872,"borderGene":1.218805829935858},"fitness":97},{"genes":{"pointsGene":2000,"heightPenaltyGene":2.4684265255533733,"oneRowFilledGene":19.91574846346968,"twoRowsFilledGene":32.74431878103505,"threeRowsFilledGene":58.19255772234459,"fourRowsFilledGene":73.94784932001104,"consecutiveRowGene":1.4236241009218256,"blankPocketGene":12.247306613031924,"borderGene":2.8053127756656537},"fitness":87}]}
